[
    {
      "material": {"ambient": [0.1,0.1,0.1], "diffuse": [0.0,0.8,0.0], "specular": [0.3,0.3,0.3], "n": 3},
      "vertices": [[0.4, 0.2, 0], [0.6, 0.6, 0], [0.8, 0.2, 0]],
      "triangles": [[0,1,2]]
    },
    {
      "material": {"ambient": [0.1,0.1,0.1], "diffuse": [0.0,0.8,0.0], "specular": [0.3,0.3,0.3], "n": 3},
      "vertices": [[0.2, 0.2, 0], [0.4, 0.2, 0], [0.3, 0.4, 0]],
      "triangles": [[0,1,2]]
    },
    {
      "material": {"ambient": [0.1,0.1,0.1], "diffuse": [1.0,0.0,0.5], "specular": [0.3,0.3,0.3], "n": 3},
      "vertices": [[0.4, 0.2, 0], [0.6, 0.2, 0], [0.5, 0.4, 0]],
      "triangles": [[0,1,2]]
    },
    {
      "material": {"ambient": [0.1,0.1,0.1], "diffuse": [0.8,0.8,0.0], "specular": [0.3,0.3,0.3], "n": 3},
      "vertices": [[0.1, 0.8, 0], [0.15, 0.9, 0], [0.2, 0.8, 0]],
      "triangles": [[0,1,2]]
    }
  ]